{"cameraMode":{"drawMode":0,"name":"Shaded","section":"Shading Mode"},"sceneLighting":true,"audioPlay":false,"sceneViewState":{"m_AlwaysRefresh":false,"showFog":true,"showSkybox":true,"showFlares":true,"showImageEffects":true,"showParticleSystems":true,"showVisualEffectGraphs":true,"m_FxEnabled":true},"in2DMode":false,"pivot":{"x":-2.91526460647583,"y":5.629878997802734,"z":-1.3270683288574219},"rotation":{"x":0.22892019152641297,"y":-0.016061045229434968,"z":0.00377754052169621,"w":0.9733063578605652},"size":25.74553108215332,"orthographic":true}